{"cameraMode":{"drawMode":0,"name":"Shaded","section":"Shading Mode"},"sceneLighting":true,"audioPlay":false,"sceneViewState":{"showFog":true,"showMaterialUpdate":false,"showSkybox":true,"showFlares":true,"showImageEffects":true,"showParticleSystems":true},"in2DMode":false,"pivot":{"x":-3.9786911010742189,"y":-8.160463333129883,"z":-5.166007995605469},"rotation":{"x":0.2243255227804184,"y":-0.045295946300029758,"z":0.010438631288707257,"w":0.9734050631523132},"size":28.85658073425293,"orthographic":false}